id,filename
1,xmpdH4fTPweHSa4o0ZqouPgBRxHUJW.wav
2,qy0424IItm4xgpSewvlRFa7dQXrCu2.wav
3,sbeQton7kBfZFMN4M2gv8yfbpO2New.wav
4,s6bqlbFgv1zkm9w3ou4NBvrLTAIKw6.wav
5,FuJvJLSSv7nyizME3k7ZjyfQj1wj51.wav
6,sMLWnaTfXZUCJt4LocGhZYWSjOwdwO.wav
7,JguIixYqtR7BgyC9uPSz7xwTvrKSkH.wav
8,sHqULlWuxqOpHZXAJxt6JgjLawSoYV.wav
9,wXUY12ElvPwse4WuLLZAWGgn4f8iym.wav
10,q5CBOaeeTGJDLnUkLbjUJttqBNocQ8.wav
11,8LKScyhQPVMWgUgze3DQHEMYFnnUjx.wav
12,5CVFOvysynId3TXDdXbfVob4a0mWnU.wav
13,6Y8b1BVcb8YMEpvUv9DdmQXLHDTvZa.wav
14,31ocxQhduNgAu8I7k1Ecb89G21ioYk.wav
15,IzWW8a1Fnk5PpULsEOh0M5IBrRXNzD.wav
16,bblJqUEx6hfNPrDxpNYasW5fCxugrb.wav
17,flBbo44nBiihJ2jmRJX6kSCWqXp0rS.wav
18,emMy1WmzwLosauSajvlXCabxxw47B2.wav
19,QoAedgFZqWuQbyU3ipYwmSfEngetdU.wav
20,bDzHFnsHiyKLOcs4MxlfLlSNdRigzm.wav
21,YLnVh1vi4dT6IZDXeLmK9yxPok5glS.wav
22,2CqLDnTmh0QM1YGLpZXZh6dImWX9v9.wav
23,VfP0zF8exmI5ojAGqhIKgSztUeS4Iu.wav
24,S22EkytvA2SgSJq7mGZRtczzOkvHUT.wav
25,CP2kHpc5crPnQ0Spqz9GdA67IR7vbY.wav
26,HeX45xmAxt7p7PIoKKKje4mQTjMUwc.wav
27,xpWeW5xsAqtW7aS72mc1ZrFMvUYZsE.wav
28,D95gmxSmQZDICDXEYXpfKYEhIBZSXq.wav
29,ogHFxfW0q2oJLRs6vdMdDzcgVRFuY2.wav
30,apdM2ggO4kxNyR5z2ufywUdwwFaphW.wav
31,q1duHxpJdTTN8gqfz3Wl7JUiNuaeNv.wav
32,kK5h0abp8uFielZl13wgZncYYiszdY.wav
33,Cj4fkMYBHnNVDIeIkMx5koPpZ8zo2M.wav
34,WQoop0J2d71COcsbUiCVce1XnTju1p.wav
35,RmI5Fj0wMturpDiCsgelPapuCfI27q.wav
36,zL1fTzSmvQyoqNaCOzHNbUVfxH7FPE.wav
37,ytOH4MUJNnhnJ1zTzJRIUTs5T9RqQc.wav
38,TwBBOptwGlvsbksvo70pp5bcTNLcyg.wav
39,Q0yMshboixrvRK7dWjApywl5pDFnrR.wav
40,jssUyhfCdr8ZPiGAUmD4SNltBZQuXg.wav
41,sB15zhqHfVS2oYmNSY5x6LQV8A4q6B.wav
42,gQVeBl9j5zSAJgbk3vwD2JYvF5OMqd.wav
43,Ibk5oVbbN20EoN2h4TV3bRdTcWUeRi.wav
44,gP4rL6ywJvqRnBwhXzC6hsLLwhkPgB.wav
45,hR9zjARZ1Q9PvTXZRK6LvkVPVOLryQ.wav
46,jaY9dsZaC1LCSRvUeYWLPoxNOyt2lU.wav
47,bLVxHZgpuLLFOyhEcwCqNG5aNbdxUD.wav
48,gStvW60o782i9XjaITcMsgwIUhsOdN.wav
49,fhgdpDhJ2bPnFJ7HweZylyRaeUkYH1.wav
50,E4aatJwZ8ActiKoOEUieX9aTlN6z9M.wav
51,nwE4lCaJZmeVjygPLPfq0vmxDLBH2M.wav
52,Mmc08frXqtHEhfEiZlQlB2jYQZxjCH.wav
53,n3dr4IjoY8r7Hhx0SZC9psRartKCTb.wav
54,3w2mVvC0wWCBtf9JUD8IMln5z0wNhW.wav
55,YdQWhayMZeJmXzVVP5lYsCm2TKv0re.wav
56,vnXwkm47QaxR9IsIfU73X2GfG7wzwH.wav
57,9r1Gek5jHaqNrw2vJFJMVADU7THJjJ.wav
58,rke8vZxoRrcOCnkNnD6T6HzGfoS8Hi.wav
59,r2T6kPSNIik6UYbueHvnVceqSUOdvZ.wav
60,4GzONFAyHtXfhTBxTsyZ26eBJc8a8j.wav
61,KqWCUP5vA7B0V67BSK2zAckGsi0wem.wav
62,azM6jE0Cr9ll0BSq62nT5QzFpjxi5k.wav
63,JRlwvY4esOfJdnKyuOLROWz3fWBKfN.wav
64,HoDNSfoCrAlPZXovf2rC4KRxgNq0DY.wav
65,pLVdg89M5WE8toJB9XJmyRohTwvigO.wav
66,Xezjc98ezOy9LY5UZ6r3KsUjy9oRZx.wav
67,AQ5GILDYa6yuP9tmO6entCP2muHIQh.wav
68,sw1V61hInzH0LqyQZABRlnkksGev3Z.wav
69,1CnoaVJYjWS61Is1T9WHqYneId7GBE.wav
70,7ZXk753NzzwD70RnMo5KwlExQEgENW.wav
71,gY2EiwcZnmpH4WsCgjmQP8r5zwkmUe.wav
72,pUF2z7jyfd1bwUvfPH2xFMGTmSwwnc.wav
73,iFgSG31flDdU4Ju35PXfxTBhm0NS7c.wav
74,9RC9mhULhMl4eBQDA6lzBM1UtuLuWM.wav
75,hKHzKbYTQ0C03YA4FuVTkPJrvWDHX4.wav
76,ZsvumrpPlqcCBe2SwBYFGgZeoKV5WN.wav
77,CSU5XWhijQjG4pbMP9T6zqeqiIeKxw.wav
78,YcrWrQfkNNPIeLy23r8heePUvFGptm.wav
79,QCQbtOIAKVTtyFqO0w9aCaYL90RHKz.wav
80,BbB2zehwX2iq9ETdpyuca4YxfdKkZU.wav
81,lOdkxVSzlCFxf5ZjnJkQswSn1hOpiN.wav
82,pFKQtTZvl5gY6IPfJ3uUTIT4onoauf.wav
83,bOQlpEJVjS3t4GQ1Ct0uYG8M5hFuae.wav
84,n8xsNEAESA8tb10Jbun3RTwUDy5JPe.wav
85,lbeHmhwew6TA4Al2uObf9cbguczubj.wav
86,CZrPaXp8NIWMl3G51eW5kmk5oBdWZr.wav
87,rjfvFknV6WZGwTsNwQWbxTnvWZBfSJ.wav
88,RrIE5mmCXQvFHZOpqE4KFYkR8ECCpU.wav
89,Y4vOeaooV6qNXDiDaIE1RcnUHWw3bx.wav
90,P5D5nmyP2GZKU5q0zboULdugHxg7vT.wav
91,ov841NnKMg8tudnPSZTQ8swRDdVIFA.wav
92,R66by0qGQp74pggq5WAHcJqve6YG2u.wav
93,Bh2txZFl4Qhr7u34IESlrK81zTpKSm.wav
94,FIeW2eeKH5CbSRkFnivNyrnBofRSXR.wav
95,ZXUQWgTh881CDZaHKsdsMVTKJ3f3ns.wav
96,DHCVKpyb4lBXP0a9Z9u7a5yMz6xXbo.wav
97,F6ZClK7NveTL5t5n3Std71no2jaOTK.wav
98,cCccI7C0flRf8Molt9g9mKDEgGOOLE.wav
99,RCft7ZNM41t8nsfD2NvePu7rnUUIYh.wav
100,kShTVZTBQyvucX1IeiM6bCls7RKYNs.wav
101,nXV5AxHh2af8puZvYzaxRfPmu4Hf07.wav
102,86JErPwdDY9QZD4jXBki4XXmGyuxPe.wav
103,XuneV4Bjo13mxaJ89bjZG6euAoGP4L.wav
104,AwA6WMr9u2pzwNTM0CAUXFJfiy40nT.wav
105,NUPJqo0klOuuEKAR0ClGWCxsNueJjE.wav
106,e3SEPjVUJXYVxB8B0o0ZScMd8O0bcc.wav
107,MB7a0um4C4hWLZzfBJy9WttST2vyie.wav
108,HiqCMjK69GDfjXHQ89V8lA1KGgXcla.wav
109,vnmgfSflNUd3utIrmT2reGM1QpvLj4.wav
110,JKtkHvvpECA0Zm0SlSdnCoei8CIN6H.wav
111,1heEt0CjobM7ejoQqXYzpw41IV53Kt.wav
112,8JWGBvNKjp94HEuPaHyPYhWurDjim2.wav
113,rD3hhjN0MP02QgCZLWNgzy2X8txwuo.wav
114,TKCZAcks8VD4Y8499vIPTlPIVEtiRX.wav
115,3mlXjd8GAEjqpxYHSo3KdAVsuVTxm4.wav
116,fXXflx5WxV6zrTeXapJhrVZatDmjyX.wav
117,Nigak4La0UmenRCK7i2biuxA7OGPc7.wav
118,0J9uSM6LXkVl5oDha4uM4pnfPBaveY.wav
119,SawWh9TwRdE1cfj4bajaUPVkHPPuZ3.wav
120,x2GPqFQJCoYD6qv8jc2b7y1oUECPpa.wav
121,A6cEv7MFRAA5XAzmXQMBeNTSn3sfIx.wav
122,bYiZbDAW8tCaxfSjnq2swuva95evgg.wav
123,vLdn4TlOOC0wmbIxBf7NnxpDgOVRGs.wav
124,WJKtwJQ0V5fPsPzmRNq3vh2lDlVrOz.wav
125,308DQzL6QK1Ffqg7ykSdikmpjiMwX1.wav
126,NnjtdRNUDlKLYfsEzWk43GPNnNKbpJ.wav
127,yfyqjplV6h7JmJY7an2fy3nH2v6o7G.wav
128,NNZSAe3Ddh1TrJEN567j6Sp9gJcb4V.wav
129,UId5s7MeKzdXsjwE30kNABMdFB9IDO.wav
130,C3HzTqKsjPxQ69efUJZysOg25zvthP.wav
131,XNczAVRErc4Uqd9fIB1Ikkf3TvFDzE.wav
132,5x2uCtBRl7n1uEauFCkDHwszNatCC4.wav
133,QRpTDqBnroqI5vs106YrSWdAyV7OWx.wav
134,UOcMHIJo0cmHLKkuRLsQ2gTJiIlZxL.wav
135,5bliNPPYhdDW5079ir9Z85H9qa0HlI.wav
136,IHQ6DuzANwyKO6NTuxYKYAyT1Z7LmZ.wav
137,99zSho06TtfnXcBprriZVrdwEwQKf5.wav
138,lyEDRu46fvTr64xIf0wgE56qOLTz35.wav
139,jy5T11EmbGpJfV0lwdpI1TjJVGY17A.wav
140,ELMEC8PpBhb5uBcwObJ6IBbHvyegYb.wav
141,9rZGRoUOjTPVQ1YMVx1iF9RQRUPi6o.wav
142,WnzQJZGY0bm7L9llcH2t1tYqgKl8OI.wav
143,aSzeqXRq9HcHAQk56olHwHgd4YHI5Q.wav
144,NoG1x0hVQnx9fKQIlgAzCC9wEulfXw.wav
145,a5MDqrOZvp86mkwUVdTbE4SCY0Xqj8.wav
146,AfzIkP1wjbWSnHQm3cuDDumaAJ0PoY.wav
147,e7ntLJvid4AguE4D5Z0YBuQjITzfGq.wav
148,PBCvkGrkcvMLZB0UBZcs9K6Z36gWnJ.wav
149,Nmmb8hNeZctrIHzhtjL4rPcQSvFRrQ.wav
150,K5RCjunNXT77AiSjuz2K6bGYe7ykML.wav
151,2ByhC3QYCF3yjUKhxpUfY6EyeuNz12.wav
152,wDmlIaTQAYOnJyu8PTzCFFR4K99PCQ.wav
153,42i4ptmlRTLARnCx6766ebywkmcA8R.wav
154,VgU0bcYzArqNZ6LDBvTU9Ntf8mCIQA.wav
155,9Of9Ny3kroUfaX5G1PkAqtnMcm6alq.wav
156,8OBgshJnhUae1gyawOHLNEk7ATswXB.wav
157,gZnS6hKFrkE0xlA9H0Rku4iMEiTYqw.wav
158,HX2IlRYyPtvIhXN2hxBzAxpx1m5LU7.wav
159,2TFUI8idMMgydPHfD0Z6npKHyjQSsR.wav
160,9nAOqMVfmL0o2U6zPXVhK3AHrYvw0U.wav
161,ggrERA6CPSxdXWAGUxPEutmmu1yL37.wav
162,V61cX5mFYV18jbL8SSh2HtS1kYB4uV.wav
163,c2A1byOzvUli93drVkczJUDfJgPNcO.wav
164,IXRAhic1eRMCeqqeupGWitlPxEr896.wav
165,vGDcy2NlwCoLzZ9H4GZGEDVYeq6OS9.wav
166,nHZHz1SoetavktYeJjSYe3P4ckpzXC.wav
167,Jxskq5hWSM4OwGEUABHqS5DtROLl8i.wav
168,1UFUoqWjCVshq5qzzhVFQdPQKeL1eY.wav
169,qJcc07ARDILWAPOLCvfgQsNsodmSCS.wav
170,rKJiz4JfsVDtP6sqoinHhOrHbMTNTg.wav
171,btEE4w5klsxVmwjXegnzrx81nSc0BH.wav
172,GwNxRyXBjQWDUcGC5G5Wdw9pDDCydT.wav
173,AMRbra7x6UBmbpX7JH1UUbGmNbBB7b.wav
174,AtG0hL0RJlWoyZ4sxgdu5D9tEjUFvC.wav
175,Heb6qhm11ZYa39kqyUbkYnSlCzQlaG.wav
176,aZ8kHlwPR8Kycxc1vdcQiX76qsMM71.wav
177,JQgMw5xpcqNe5FJfPj9VfUAnxeiUP7.wav
178,OWR1HtksrfAkBNjufo9vDHIgZsP1wR.wav
179,3XxJduWbk4POxXS6FbDyepQaSae1xY.wav
180,4RN2wUbMCvJ1NA8Rf08eGTG6vBjMfK.wav
181,zAujKinSlUaRA8JCdNMA96Gc1yDUWx.wav
182,iP1ZRLVtd2w0tFD3uHR8oetkOyCRtt.wav
183,HdLxuLpSI9pnP1Xc1Ht5spzGl1hz9B.wav
184,UvrdvMFJf399pSKxq6wmrrSz1IbyQ7.wav
185,fy5cn8JUgojBv56385cRaHZCqZuJ4v.wav
186,HnaxwPDlU2wlWzSY2w4v45FFVfV8Az.wav
187,5MEcx18ry5p6EDbxQM6sPS0AOqSxJF.wav
188,rJLwFVZxtQCbDumzqSEki0GJiqOWcw.wav
189,QBNtR6fkEstRwlgL6tFf2TqWRHLaEI.wav
190,H57KORRwaEegGtmc8rGh52JcVv6lRk.wav
191,fPJLaePK3DrbBqOOwAImuL2ED11Ssr.wav
192,2amGhxW4AomVLStGuyRQVjDTknuRnI.wav
193,GaJ04HGwbtLlkOKyA8dIXl8Clbapqx.wav
194,fM3hWMbw4oBHr84INyjzZm9vcANYxe.wav
195,rBi4Wj8pqivBroYD2oF5YxEFPZm7Oy.wav
196,Qk78ZIpLWPvU2g68QKw4LJ0dcJCRBW.wav
197,vj3fFmgw50TLO6W5mFykZK2cQcVjYn.wav
198,31h6mCYTdxaLJhBU96LaNnvejyTvf3.wav
199,pLm3JrX5krLLicClNCN6ldNy3zOgy0.wav
200,1F2U5TeRnLNnfwGbMFGUCUMlh4pC7Z.wav
201,zbbUAgNW9Cbxu8yxYthzudWOZNa8Fg.wav
202,6AR39WMX6Eio5Hv7k2P4QiLj2VhHoE.wav
203,X3gskhL56rVMfb24N1z5A9jZkrcnDS.wav
204,aWILbHzL6QKeXSZcQReQ2osmuW8iXQ.wav
205,2n2qtD6XgmOMFvD9q4kfumyxSdVG6g.wav
206,AG58lFh9N4d0NKPVAteTDWcwZH9w0o.wav
207,QThVouEImcoGsYR4DRaui6sPsbB08b.wav
208,Yh8gIaQaKRM5wOyIf3dTG9AC4oiCdL.wav
209,LslvyuRzaWjJVkCayz7tdwDucHG6mm.wav
210,F2H8S5kIZbWIVkDDMoMNy5yeNa5iBM.wav
211,xCQ4S2nVjR2umrAiO7VKsAcxbMSc2O.wav
212,wCO158LZH1v2svWuMyJPQZJW1gAdxn.wav
213,tMacYJAVbYXFuHFQzrcLQ2UMXfmHn1.wav
214,QS1AasVgCBUSKSV3iUclUvzg492BxU.wav
215,oZTsDU8wwbYUYTJOsCszifzMWqWN9Z.wav
216,S7ho9k7SE7mYhDDcnxg3JFuNzksBTW.wav
217,fco3Ftk3A3MlIY2gUxyJmVww4ee2E4.wav
218,KGs1h2OVm6sNEMC77jVOwSWwYIMI2d.wav
219,o0uQLvsfZffoQVNg0XgpWsd6b3RN6f.wav
220,KtyThOrkMp98uB72ICI4s0QZrbPVwS.wav
221,sOdsoUqXvmnbEEyO3v3YQ8YLFlObPP.wav
222,g32IXaQVBtk72q2CCgjWIeevONqUPx.wav
223,jjIG7zZJdIPXuwMfKC4KIyVxCUXi3C.wav
224,XH4F9kaPyJ4cxD1BqJMZFACSvpvlh7.wav
225,zbKzEdpbO5GfvrdU54kOOR5ti3wiah.wav
226,HFTI2aUqKAG42OtQYFhA1GFTwp9OTo.wav
227,vDeq8EvgnQNUKi7US5kdYXyirKPzpn.wav
228,DwFpqWRSD4OBBga8Q8vPfjNQrFvpuB.wav
229,BgAAnE2TcshWCFvh2FJXxq6hT8Bdhz.wav
230,7eETubia6kcmJz6lMnixGHlXYR39tP.wav
231,csEnK3ZlZ4d3r7j3RHp0UM9sSWxggP.wav
232,5FEolhVQ3u4I8VlWWfyLk7hLJhfXIS.wav
233,q8tfR64SZUTnD7M6BX4DKCctPdU4Pj.wav
234,h6EqVhaoLhCp8toeR0yeCZkavnCXez.wav
235,GzJcrKdB89ECnxqB37uIJzXtvXDKD9.wav
236,XGQFSRtbLO03vQUBY9b7NkFeaP5I1W.wav
237,R9yyVrNIMg99Lcl6kvNoIG5IY4y322.wav
238,71sqC6b8hT4TSPExMmCz8ikH3nxZ06.wav
239,2Yi46iJbzq3Sn5774iyqi4ZAIHK7fU.wav
240,Hjkgzh0s6qnbv8Zgnk4wtp2oHslU6c.wav
241,ZT6tCjTSlvsrN7jiWO2AXIkUOvijIq.wav
242,CsUQRJ565Hep3YVNF7KfDXYklOKCrC.wav
243,HJpCn7ne9ICkWnHteWKJiMhIeDnuWD.wav
244,ETLmkYJYfSSMWXq6nk9HgYLXNz3irN.wav
245,5J1I1k61GLeQXgB2P7vRs7ZlT9wSau.wav
246,TTKzSv6ukdq6FmufvmEDesk4uJpLqV.wav
247,Gq6u98ZZabJ8fNUfZ3hLZl5X08uKlO.wav
248,SC57GGyDPZTl5xr212u11BO3ZvffmR.wav
249,0QXqA33stsG1RBvo6ro8UTmL5H9Uzu.wav
250,o6Y71Itjc4tsCRgR9DcB1SKqbTnOf4.wav
251,EnNlHVcQGMdm0AFvWbMTT4Rb4bugw0.wav
252,sG6XGRsw5ehycADYlJT8OmLApLLbcI.wav
253,hL8o4YDjXPdBSLYNLLOLxvFkXEyWbn.wav
254,54olLw91wounnQuIXznnlUxnqeISB0.wav
255,Q3etwoNZycEcQOb8ITam7HS3bc2c0h.wav
256,kipd385ahovt21pKQZaPXRY0yDQKjc.wav
257,Txd2SXxJ4KGaKLT63uhwoiHxaZ3Kdv.wav
258,61mjHGIncSO8yy3slHktuIOynkU4Bl.wav
259,VTndFDi0Am8kWtZpHHJdyiAjhoengZ.wav
260,Lt3yq3gTCHDnNoEUFd0KQe7moGbxxr.wav
261,znqVPV8wfSVyl849HlcZ0HlpDMv76e.wav
262,fQf1qhBDCEj1HRmNgG24W5Hql95iSl.wav
263,LchOMWtMbHy16c7uK2lAHkZGM56MHw.wav
264,YOyJLtQm0zaNUqjoyMow5roZgXvK2o.wav
265,3VM3D8E4O234WmOqKY9Sa4oYESJU7K.wav
266,gn5FIBVXlvsOqoeYLm2YjV1I7sn8Qe.wav
267,aZDQNwCn5bP956qDaZo1pTEDnLUWYJ.wav
268,tdjWIuYEsjbkEC3bRdyMpt1Z5tcQ7K.wav
269,ZGMGongDFc2r7Ib0dRBbcIK3IJRQyV.wav
270,ZZOJdBAqxFh16gxyJ6tTJfGoIzDhGz.wav
271,zUU0VDbIDkAODlV7sZevCXlQj9GELs.wav
272,79rgLGEA9VfW5fuxS5hXIMTgGiH01y.wav
273,Rg8jvaw2RXwQJMAvioeCVwFayO15Pp.wav
274,HLpt5WXzWaMCnAqu5c48SbK001iAnB.wav
275,BdH42ztfyseLMYIo9414GEoVD1XIYL.wav
276,9rsMlZj8j5yJjDngSTwpcUkqVZRquH.wav
277,nGHB1JCw0cKk95rgD8qJ7dHEa2FYKW.wav
278,XfqmJyVvCcAAsc1NX4q5ZlQsapPRPm.wav
279,WEPWdpRS9ZePN6HNeknilymQtizxHm.wav
280,WbUJJXrxFVfMIKXHwBa55wpkbkGqB0.wav
281,ewcgST4vy0kkvzsXIKpLjmFR3GczXG.wav
282,sJq24uGDbHWMHzEljZkykl0KdL9ngB.wav
283,SppkBOBiKkuXZ1T0NSUxR72JBcAnkn.wav
284,UjLmY74h1JLSXXr4eXQPLe1Mz7898i.wav
285,h8nDQ1SQ9fLUd5Cmbsc50x9mqsOcmu.wav
286,YrPgaTyNwQfEhKp3v5qT0GQMhN3eKq.wav
287,69Pwi28NeQbgrbrysfBHEbmmZsKlR4.wav
288,JhABbGF7cOHjz69fu7wyN2HMeIZGOH.wav
289,v84GMte09PFEritb9hc63bd4zhTIS5.wav
290,pq9iQ1zSaEwRzYdF1hODUbBK2b4xgg.wav
291,1j60rlVl7B0cVqccIheWJixzbYdZVM.wav
292,iQrqn4fHTLGPooHH7zZpIhOJerVVE8.wav
293,MisENOeEAsbj0hSVE858keskKN8AF0.wav
294,r8vk64ug1hv6JQWHJW4t5ryPqQMhKL.wav
295,4wHapKa1pJovnDFMlh2j30coC4Mqpv.wav
296,1DOmeSVg1xYUkm91YkXqDml1DTKacK.wav
297,9ISi1VaWEEQfPfuz8vqk6qnPFCjIoO.wav
298,5FPJArdoYYuH9kwsRMwCV2WexofaTV.wav
299,5mG5AFMzIgoZRQYOZ4c8KViBrkNybs.wav
300,ZcD7dsLyPyJHH68b7YtwO83SE4wX9u.wav
301,5UEIjMZK1Wg5KuzxtRyiTLZkABuy7p.wav
302,p2M0i6HM27U1O3i9tZ9vlqdULACj03.wav
303,qpE68mBAbXps696Q0HZfRgThLm0WTT.wav
304,5zVfWgB7uUZZbrdvUvoCtvH5f2UC5s.wav
305,ET6tqRkNpUIcOE1SX9TTL5nJpmmJOA.wav
306,jmrEiyHjI6gCqA2k2oCLJHzdTUPCYq.wav
307,PiJhveq7NvX7r0FvesztdPBMEGwjsJ.wav
308,jJ59YISvNjBgnrW3iVjwNnwcb9uQIN.wav
309,5oS07BRrcU5rPVwc2Nprr0BWoIei9p.wav
310,8VIaBHD9WYgBywLhMLpwUYr2ktMtcY.wav
311,53KhY7xJ7Zy5BREayHD6YnSg2ksiPa.wav
312,zE3F9rbe6MxesvdimWk2UH1q1nJLBb.wav
313,Q7q1dZlnv0zjqH5y1TGs04qUO9E5tA.wav
314,BHNgnRKS4IJit8vUkCjIbYN554NKH8.wav
315,43pL8rbNdKpPin69MJGfPjocG9AA7n.wav
316,ma5uBCxGb7ktSvFwfDSVIwgJVWhNij.wav
317,XqwxYthigItazDWjtCbosHjsKE7c77.wav
318,YAWewtlG6ENe2BSSitK4adWV6qFE7f.wav
319,agZYuOYbD47o55if0bqXR0WDo9b5aa.wav
320,jKkZOudDHTQiJmFSSaOZt37jw6tjWm.wav
321,J1VRH1ZNCSFIFNsGC5oMXO6F1N1GuY.wav
322,rdugKZJWdRKKUl5oMzim8yO6PpQNDZ.wav
323,ySotvftZ30irzjJgiIAc6jeq9x46ND.wav
324,CDEOMSpu9zfjkI4vWxasDaBICP54Cl.wav
325,Xk1I1QbUiYfdWTGnk7eZC4IASdzSkU.wav
326,LXm76u2aP0zFEberMQvkqcAAx1JjVi.wav
327,7FThTqa5ujbdukHwgLk31090tbAQqZ.wav
328,VVkxO3HI5N2delosGZxklXB4iPul83.wav
329,Vs0npnzzYNypO0g19pIjTcuWyMHhxR.wav
330,fO7TnmP6D5aUiIdVHOXnZviN3eKLvK.wav
331,6hcBhbhS7oEZzYwQXMpuxKRMFBVjaJ.wav
332,j1qKyER5i7CnPnhrYuQu0FOhAKDXFp.wav
333,eQ18yDzjBsZ8ZyjDkIjFobVqCZkHPV.wav
334,vLWokdJbwWcq18rMF5lSDQ9MGqMtDK.wav
335,O2IAwo8e5Q3vTRIC0N8DCGVSxU9EBP.wav
336,idLzTUeF5XpDWS7jIQY6Bhe0EIaEZA.wav
337,1O0aJqydoF2mhrBThQYr9sFT7Abmc2.wav
338,mgGEGe27BmXERxVjWrbkNtrLRPoyMu.wav
339,quHQf6MFN8c33X9BBMVIscqBIV9ehC.wav
340,TaN81OHMMpvZ9BgqjDH4EDtp0Lp3RC.wav
341,xWl3os5rqzAX2TCTzOlLaT9WUTjRoa.wav
342,juvu8PqAIB1QDXQeEWpKkmFJRFgywD.wav
343,37T2rCZ4SJlRPduS8wroU3kaHEfv5j.wav
344,abYnLMfMyqbDMbUs5YWfT5HXGpbRYl.wav
345,AmGoJjmgGiczS7VtzZ9mXP8wRaFoNA.wav
346,Mjz4kmPqAq056u3iDcY3GQWxYCZUvn.wav
347,RjrCmkC5Q019CuxA5cAo4o0yZe8IaB.wav
348,yFWuIfa8ymRrbuiNKgseX3PeMB5DyV.wav
349,J9fDqhaL5c897xmoM0tUGYORVOXmoZ.wav
350,uqCNEIoOUxGzvktumDxFecnAYTVMkZ.wav
351,LQlXmURG4Z2iAnY1nZhhmnGVvvCDPX.wav
352,LTz7b8zDOE4KTovkkp48u4rmS6Qd2w.wav
353,hAZKMkeK9AYLsFvVm6plGFdYvM4VKH.wav
354,mJ7hyFnwICkmcWMUo7TSaOKEsqfBlH.wav
355,AiwIKMxvHPVEIsSHqxKz3PTHgquuaw.wav
356,HUwCWyFuBAOeI8qmqdq9ADvSLEcRgM.wav
357,tiz2OS65tvegcXD8qpns1yERto0FcI.wav
358,HO6sgFDuqbJHe7gW9X70pqKQZVuqTK.wav
359,EmJ2J26vFijNgvnAE7zcXWzoEdzgek.wav
360,sMvrVH1Sci2WJRiFQKx7S1r1Ja4v5j.wav
361,PY6w6HzHd4OGlHpcf3rsxsv72WsHuJ.wav
362,YFQbV1IpNspnVvesif18lm4scYMukX.wav
363,h9N7MbAHbqHJJITTei6RaSWy5zU8Ab.wav
364,cysjIShRGbSZmsoaZhXZrOL5fTfZgX.wav
365,qMt4k6qKIXZBSkPu1pcX6AZGVh1cCG.wav
366,Otv0O4pJ0LLlPPpwXu8AJheHZJpNsU.wav
367,V7hggbvv7jvnjcHEBkJgHtrQwk1JgN.wav
368,oNfyExJCTaoxLwU4ig0cSoHWZZlky2.wav
369,PKLpmNtJ84T793p2vybxAh52oJVThy.wav
370,S9EjCH4Txyn5Ex62e38puooFeto3R6.wav
371,jI1ZAE9WRyyEZTPKZma3Es9TWO9FSZ.wav
372,TrBWn4ijPnYAfIBdNHmns20tQZyZnO.wav
373,PN3RvBAmnNZNRU9wvAFj72iu9U5p10.wav
374,deyQHTxfYviddQTJdSKIPzO5V7IUVr.wav
375,srahO5hCDCcAJTabmGcly7Fw8SqJhG.wav
376,7ffSrHBt4niuqLFLnJLhUbpeCyuZfZ.wav
377,XkLOfem4BjnQb6dTQKpZB2ZNpGY3uH.wav
378,vjQbKsVktwhnT42RQj7vPM9FCAExip.wav
379,dmlFsqipS1MTOQBy164I5Ge8o7bQbx.wav
380,6nxLlJzrjoQbtcKaq5MJelBkB3IA5E.wav
381,gI5QTqjMnPpu29ALYdQywoknHg7FvK.wav
382,s3AHCSXuiZcWe8OwyBaBVmINSENbUc.wav
383,j8y3tfcALrehvxugWMhH9JdTFZTXCu.wav
384,L6xNo88jLBypAQC1IvBwIokqIl90r6.wav
385,yH1tydxN5d1pzM2jwJZWbVvxUU3XG9.wav
386,yr21MJr84RQJz6TS9dig09fL2iFfyn.wav
387,LAgVKtVeQeh76TiBaegzYPQhZD9q6Q.wav
388,EHnGbrlaIVEB7JjBUR6pNm9Hevt8Hd.wav
389,GXW70OCc5kDT9Jt3JvFsYnmShFqxS6.wav
390,0M6xGCLQo9tejtg3Fc8REYmilYVAnk.wav
391,HRqAXowLzHpJX5G5FmZsc9a1gS0n6H.wav
392,7Z5LtCNAMriJ4tx7nm7rYwulSIPXIG.wav
393,509U3izaavuFi8Grxm99jlvAKWQqAa.wav
394,xWirJ39D0fIMkb429cOKalNPsZBADS.wav
395,Wka8e1l7uEMDufdDRalrUgM2Tsfh2l.wav
396,3rSAogVSR3tpbM53nylJyexkLtFXSk.wav
397,PTXkBYOZ14vXfJxzRvxa5YWScZec5Q.wav
398,ETm9N7mTti9LfyLVOX1PVF1r6dnaKv.wav
399,WJNnytjYAPFeVOQ8RBJx09rc7GybR0.wav
400,DXYKLZpuK6OZr7NRfmxQ8mVuI7lLi4.wav
401,1bURgHIyUSemgVMZ9IlE6xcz4wsKKB.wav
402,z1SrftZ9UgtbxtHtEqVAeST7AX84K2.wav
403,yE62wWirh41U7MAb5Y2tUXXYLli1z1.wav
404,IkYAgA84Nvj29IfnoLlWDAbXQ0mago.wav
405,S9QSkHlkPfq9SycKfm71CUtiQOcVsw.wav
406,rOuzoZuP0vNzVBAk7U4NP3cXWzjHMO.wav
407,9WHWSlF8vhk3d7Kr20bttTamdkLWq7.wav
408,f198tzhat8wOoJ9MqqQrAGuTJNHemX.wav
409,DjIsYpxobLW0VHnQm6HHb4Eg7fDtmo.wav
410,wNFqpny64FEpGeHXfs41w7suUHVJu9.wav
411,nPh03mMGmQC5QkQVGxRzkajxkwbhSq.wav
412,GNsFNA8OKsUaj7siHMcBUgZRDV7Lrb.wav
413,LpLxrJTtbnBpz18z5kv6O9dfcFlcf0.wav
414,0QKkWIEAh3TnC1dUmYzK8w8Vwg0M5n.wav
415,eKLLIkonFUYGoy21vciVtl8ZnW4kXX.wav
416,hK1VkBA9pwrEwz8p88ijnQlavejXmM.wav
417,MbfgtG7752uKrhvixmJN3JyWPErGiI.wav
418,SMgKwNg4L6Pjnyq4LBAB4hfiGhbPma.wav
419,b4vqmWLdq5Dlba9IJrkHwGut1dCksO.wav
420,qldxxwsz9mpgw1hSKfhI2HBfJik7Zv.wav
421,Vi0E2rdNOrldUY4kwDLwepqG7QZXAo.wav
422,45n9WGzwdlfkuSsJFuo8D3zDTJEnjg.wav
423,MaFKVmLEF3TmEpcbPb94RIfY0mEmqA.wav
424,uFnWb4FYQIOlhscTceWH7DJbeK0U5w.wav
425,LKYJbhc79FriRmwsjFIhs6ePNMJ0Nt.wav
426,gO66xYB3IwifXu7PCSzGOf0xi0uu8o.wav
427,l7gzBGjkiuAog8XuwONkq2QF09YEdU.wav
428,R2XnU0m19TnQz9TmTjIzbRXg4VSd2F.wav
429,pwB65toAKo8qWmJLrk9PZaqadin8Ac.wav
430,GokyHaVhWVhqJjIBOW7bvFDZ1DKHS4.wav
431,XD2aqH9iEfmPwl93JtXLc5GAnyoAic.wav
432,E8W1RUiAj7kCbYN74NFNGX1TM1QSPk.wav
433,R1x145mBwTWeg1X7UI5fRnYZGqVIT2.wav
434,6d1IZnfYaaMFBJ42IFRAAbUG6LWYJW.wav
435,9hGiHIQA9qE8VYG4YYjg78dyt4C612.wav
436,wRzFt13rFc5OxDE6aVrZEIx5tNuCS0.wav
437,rtFRniDKAenVbJ4QNER2WzNnhmumj3.wav
438,Ei4tDaQ1ajM0D78GGqSsRQeoD2Qi0k.wav
439,42JqiuonjrWCaTgNJdsqdFcjRvjna1.wav
440,4oLjJGgnSGsog31ys9MhVaI8OK553K.wav
441,mE9j1tiPQb2yVNJvV62vFswXv73po4.wav
442,Y1uEY0G04g3zKROV06pxde90A25M43.wav
443,y5PdIoB2b0YmIG2ZwWCGp9CkGINKKY.wav
444,v74h4NAT0f22rGFCsQ5ax5SejO4ZO1.wav
445,AAVlzODB8iaByNB0pZ5BHVg1jqRp45.wav
446,AZaqP6EGl5bLfEEK5OKka5gZK0wQY4.wav
447,cz9qJmH2nP7xU5ueddWgH7aIJ6UkJ0.wav
448,x2rdbLIufMlJ2E8l7KQexCMdMqLFQP.wav
449,aT0oAOMGViTfSkBQunew2XsTFrtZDD.wav
450,exUn6YrSZlND9uXotW2orUmTNeNsIr.wav
451,xP4urdGoPetFFCT37lLNljev9Bqh71.wav
452,3mxoHEF3zfQGBROM24zJZOq853N7Tl.wav
453,eBg83KPaxmBcfRjzcq2SdlSCwTbKPz.wav
454,DGtFYcUHeo17sd6rjEA9OEkg4aUq5f.wav
455,SPFOV4KIIXSGg58r2BaSWE0jRGdluJ.wav
456,Z2qmmYfledsbkuS2cVUB20L6DcLI0A.wav
457,VxooA6kLEiPEg5EDT69PiWTkRm9c4N.wav
458,s5EMhCN1wEvfZ0fTjvTn02mWm9mSti.wav
459,dg1bmnk2dbngpjd52GrMCI31DKOJ7M.wav
460,aUlEKFBVVdVj2IJCxX4nRYYtqwOK3v.wav
461,5tgim6wNSykDeNpFR61vyEIhNk3CqW.wav
462,jEMJFE6Ybzqzb3t2nxWufoUK1GS315.wav
463,7Zc7PMX9NYkdeldxNICiXUbe7IlD5P.wav
464,gW8NctXIQ6PWhJPicCbu4593m5gFMr.wav
465,S2owKfZLZWqTf8xtX50H7gbxQmUxrW.wav
466,Yls1ynATWrI1XwSRIs59ChqJWtG6jm.wav
467,N8Skmvi2U9Z6ycu9rbuBFNy4Z56187.wav
468,0SCJpST3V5WuypJlLu5A1D84fJzwMf.wav
469,ok73Jnj3qUIevZhfcHpY7NML3epSJR.wav
470,Gt97tChoHTg9YCsqVhHiS00Ky7jSxc.wav
471,nyjyR5ly462yC2eAmAW0VlcanQFCUo.wav
472,7IDF5kfL5M6zKwCNTeYJbT5kZRO4Q0.wav
473,4lJZD38mvgYmsZOTJuF8Guh0CEfXiq.wav
474,mgr5QOlJ1heihfLN9rhbkHWOLl81PF.wav
475,X7hQ3cFR8G3M0X3AL2FUpZch3nxrKZ.wav
476,MI7LBGgEs4qoVQXVTClHYi62Dkg1Mg.wav
477,iFAIiPFUWhG2Toeu5E954TuY57c5kG.wav
478,OWsmL8eMxfks7O5uLwPlOZ11nVniUr.wav
479,rQXvwCpLNLiiQRoszcNzlcWIWYXG7L.wav
480,PsWfddEDktgzE8fBBcqNTJ5NxfSgQz.wav
481,ToNvJjJviyaywd5ffjjh8r17xO3NGw.wav
482,tgJvXXXedYpjiLDs0xALroXj0UvAQA.wav
483,bQiTirwbb67JVVIiFPHVTcyATKLcE1.wav
484,fTc5ON0cWwsJSJA3NT172VCE3Bz578.wav
485,Oe270yR11fujPA8Rc7EVnMgEo7W2gm.wav
486,RGrp5B3A6J7q7nzJ6a7edeZbTRTZZS.wav
487,diq0TjlCCdvJZvt6lQd22mFRr7c36K.wav
488,qeTemtYHOdLbSUVXXXeUamxLRD6YlE.wav
489,p4x01Sr1d3ybMY8pLT7WBWX3lK5hHq.wav
490,C4JbrgxjQ8XQP8hXR8iQykRYGYcOzR.wav
491,7Q1C4R2JQievNXu8AotTK2z3CrV7TP.wav
492,j3fuJ0B125CWD95odB6LjcZdMRWIHO.wav
493,CNms7K7TeI8l8La2KC0aSXSoomLLZP.wav
494,ZPhKcQTx6mQiQwBP9uQTLZoSeGUPQo.wav
495,BiMPQorYbTDFmjIcYu6d27fWJ45Y7O.wav
496,kC5Z4dvvrIwCB5fL3CkVXxMxxZmrd8.wav
497,PzPcrH95xlwRMWIuO6aO4gGHHa0b8p.wav
498,1rOiSEwQIucYZheafP8hrrOlscbIM5.wav
499,g57AiZit04coTSpvh73Rmo06usVFMT.wav
500,nw7xToajpfljKzvV55XYsaQZTFu44u.wav
501,TWaWIyXdffcu6CP7FGY9mxMJ6gTMXx.wav
502,k8J8L8Rh1CQc6fTSdFk7yqgvwywv2w.wav
503,VhR1CO7FFhrF4WHpnVKtcADwo8zNkF.wav
504,hx4Ceve2E7XkSWQYSKo0LQpH25hI5r.wav
505,u5YBpdZ3e56rlqlD5qWnc5mFUfSySP.wav
506,W88oqeN8uFHz8DrPW2pFHijgxO35lN.wav
507,VdW2z6rGBCKHJUrHEQ87Qltu8k0onv.wav
508,ZQHQLaUPT3klhb44Nyv3USUUftfzkO.wav
509,jVaFUOKpF9Cm0AdvwZaPpjGs7NdJMD.wav
510,MBto4JNVY2OO65E0y5L7ZgxsAtVMz6.wav
511,kj7VEYxyu28N0YF00CQN0xCQOi68ma.wav
512,KFkjny6pes4U497L3T5vY0EZGe1cpq.wav
513,NgtgORVF4ei0VXeWKlKLpdJ8eGnyBQ.wav
514,8XuE3hLRCTXl4zYpuwjBWqQ6twkMOn.wav
515,UDHLEx39RejzHxNG0vabBz5O2zNf4w.wav
516,q2nO1qIVSqKQfXWHEljmC6wjkhkgKx.wav
517,lgR1xh9nRK6ZCi9m8CxchxFQyijOLg.wav
518,kc1zC4d2v4GJeckS1BEoMBcF8X7O8A.wav
519,Fq8q3DuSCcWbKMg0ZCAmrr6aEFiUGX.wav
520,sqRT3E9cys3Z6NZBtxgBKY1mWlb7Qf.wav
521,82MdvOkD52RKoaolF2IXMZqGpecwq1.wav
522,Y9fiqYVB84XjrjY5QHQyBSJWfctR4L.wav
523,8PQL9YlGrELOlOM6CTA4SrBpPD1AJt.wav
524,GRYGjLjHUu1IUCASwhVSyAcLdhu11n.wav
525,NGwoDxG5iBmcFo6Zw9kkirxdfbTOgw.wav
526,HP5Uv0Ebkvl6etmhhuVf3rrDXjHvxc.wav
527,h8E81y4RzHmOpmFe6c7JugeAinN6h1.wav
528,BWo9CDIQ5LpAEGM05fdzxfh8vKbwVm.wav
529,1RTBvhe4vhYGx0tS9DigbwpGFYQedM.wav
530,3vGhokskHEzHalI1cmuV61iKWXoUVJ.wav
531,mJ2Os3ZQmFQRLvjH5bmFncxe1L7Cfq.wav
532,dGpY0hLq5vMahZAmb2t49EpDNf9ybc.wav
533,jwyrGXHDxxYdgMxGmomwbBJsEP4Rkk.wav
534,hE6XPEfwytCHj66TctHkIx7Dq6aajL.wav
535,QOUQDHW8n5Cz8nxCPGUfjQBZvwDbLs.wav
536,TRJX7CZoUrBEuSjyUPiMJQgAAKCMfy.wav
537,STAKZqNnRUGYqhneBeq8Zvpf4XV1CH.wav
538,94MvXGTtpI8NAniCKw5uAhF3hRM91u.wav
539,llJQm5E9QP1AMGVehVnSHDtJy1lVU1.wav
540,Qu3De2woyhNq6FmYBGtslmp4TNXbjB.wav
541,7ZaMmL4421FN7gIhlnnhPR6KTPb72K.wav
542,SepKiHCZ8XzyBS1ign68trjsCpJEhj.wav
543,rw9ymZntVPdB3Q7KquiWsdF8sjzI5J.wav
544,g2iZb7aqntYr950jdN2FBN1wuzxGTd.wav
545,GofoBTmru3UcL4DE4d1s4odTDzwBqI.wav
546,4qBkC5gd02hQccaLmjbPqCJmGkyYqu.wav
547,BCgztlPoMUgdz0rvMMSeryPh6qedl3.wav
548,A37gBkeiUS7IZvx1Xkw60vmvLv72dd.wav
549,BsFCOFtwFAGUgIQQroQFYXIFYBPMOq.wav
550,7AJG1YT5TcBtw4a9wBJmui8LrxTf9N.wav
551,BAfqxQiDj7scrcHGZ3gtvBARNahxko.wav
552,9FG16HlDDXntJTzcvfgiSmyssQRX9o.wav
553,nxLx48v9EJ35VI2meVrAbKDTCmVNX8.wav
554,rXcIaTykJMwwrtKhLcE4lla5tofGN2.wav
555,4w6oOZZdfIzzhFaXn5817aEX5yi9Q7.wav
556,HxRsVzmbMPQLhhDVWuNybj2mIlKABS.wav
557,VeYE1EUA0PSwuaz51qiy1t0kHMTbnv.wav
558,On7PQNU5BDrNcPeEP5EDwXhr6hWsZB.wav
559,i5cMFinG6cKyYd4k6s0ZxjyPE2CRtv.wav
560,uOBV3VWB25tTX0Ys6Z2ujXTBO4KvOO.wav
561,myPF8jdN1cMPwE9u3PN5v2ae2D0wrm.wav
562,M8MZNMwsv5u0dZtwaAyBJQyVARSEmp.wav
563,AIFwmJ7GT8WsYlIVV26MumIEaRgmR1.wav
564,jddyaHNi7nAbdRQeyHoCe47dLK5fSQ.wav
565,9RjVtcKxoTOsVoG6v53oPM1jc6YhyW.wav
566,IXbPH5YqPwmm8R5zlqMlld226t0Aub.wav
567,xz7B1PDBK9OG11xFhncq0ODE1PwkD7.wav
568,UnB4wGh7dqPm2MXIlW99zBFyW2IuU6.wav
569,3TCBZLvAvI85DIhXKPDZsAbmykGQr5.wav
570,GZJ1N8b77qxH9EB4vUIBmiGGEQi605.wav
571,AkXrKapNiIrRUvOoQfVB75lhgixiQA.wav
572,GOKovqwyJUqLRuKa3mdrrLziAaTh9k.wav
573,Weymj4rzaTb2rlVdfMyFlTduzl6T8R.wav
574,9LEMo5NfKYnOH9CMXHPDp2brpKE9bp.wav
575,V4KVivA2Z1JhcrjPvYPI70oT7L4X4s.wav
576,adiZ2pfHJaSSOxMCyjFEgSVHRLDiQ3.wav
577,I4qNSRmi6GY9c1gvKcqYoh7tZNSZ2K.wav
578,PK0iLnmqmCpBvWm2xcZiqswlzX3R37.wav
579,BxItCrC0bOwWeJvziIJI0NLgGyEiG6.wav
580,iODJI32G52JaZc2LMlgUrCn8HuASNS.wav
581,6qnokWnRYYoErf44H4ybtAn0pTZWVm.wav
582,mHHdpYDvsIrwhTEIlDGhdFXyWlNzA7.wav
583,PHQGwiKf2Mg7A2qy47OOdBUDAl8dYw.wav
584,E5Djq6FAo5qMaCN97fF9cpA0k6al7c.wav
585,pbwbImj2AujRRVQniAgA7Hh5biUX8I.wav
586,W4ArdavFzo2x5ZIyMfYRXMBZlf30mY.wav
587,nxggsarqNtJuZqdOQhunorlbFxQ1mr.wav
588,wBa9ZPS5riLWZidBhbe3gFapFW6X1B.wav
589,M78mJsRWromMpn7z7gGC10e7IYi9tB.wav
590,gBTEyGjGeKyd5j96QLncyKpbSt82TH.wav
591,KGnlxUZpTPhHEGmbzu0sVk9NHwvQOX.wav
592,C06WzbVyyKGHL82aSenPPNa1qgdbQx.wav
593,upu9TqFfWSZcl3eZRhNvIY0N7j7Bz5.wav
594,aYubhp58qhf2Al8EbBXnh8pjxylh2D.wav
595,m4ZNuDijYQNhTGHzeqwgcJyAnzEJES.wav
596,niqIUS3AiCg722gjXSGiafWYQqV3Ub.wav
597,Cq2JqMkCXBI9Ow9huLA1KQDaAIamHG.wav
598,Z6WHXmQkVyEy6D12DlJP2S6ohWBnuz.wav
599,9HVOzVBGZpSkWGKNWOnrXCqvYarHFY.wav
600,T6aoNdbYRihgtKF5R1RZq6fbM9adQK.wav
601,LIbYQfD6F2rf5QZbbhQ2NNojsnOI9s.wav
602,ahO5F7uS8BweLR0rfgpq2JeIC4UzH3.wav
603,g5uSyrrKJi0uMnTEKs1lTxgLtJvsEa.wav
604,y6ZBwYQpWxM5IbKkBkCzAXyr0Mts38.wav
605,6k401fpCbjSzQHv7mT6mMtSEshWbFx.wav
606,bnlmUsyd8JdZHyNKJMSrrEJ3ZdFLwK.wav
607,B2D7tPdI8qfSJtf3v3pbo3NgnhsGqm.wav
608,WxLk9a2vLqW8nTI1YF1CDmS9OStPIG.wav
609,d6q1xl7xH2qyqIkozfgrE1yx0DExuL.wav
610,BzN0RSku0HsVgaBsLEFSMAiiLffud8.wav
611,BvV8CCRpuqFVJzkP9wHlcQU8Mg2Qds.wav
612,32EuO98fKK7fP5KSBeSKzyCXyiFCMe.wav
613,XesmMusVIs7lXH1VZynIEikHXnljPF.wav
614,4mohXthtCU1IzcokruCAbr5xNP5hVG.wav
615,Fv9gQFcccAO5V2RHUWjl6K6Hz6g9GU.wav
616,BY1sx0oBcfWdl1ZhN9doxUKMgoAUkr.wav
617,XLXbFslPcU2VUDd8oNBHG9EXXzEvCo.wav
618,uaK3cQZwDQwxHVTKrvIs7634GJAGRi.wav
619,ly5GlYWbP54FWrifScIphRHrXHuUxe.wav
620,9R1rE8XSLVH9gbP72TjApkzcVSl0qO.wav
621,ikn2voZ4pZO1F8RyEuADJtPvy1EAM8.wav
622,ed1L0wYnK6JhtnOCHMjhZgBKFZ46YX.wav
623,khzoroIR9TLGMrUYS7cCMvHDuP6Sd2.wav
624,HFX11dQjEdNgaf84c7E0t77URFpcMZ.wav
625,0054VbKvuYUaqxOaoiDPmH39pQ58GP.wav
626,phwWBzEaj6yvcJrrvh0POcQoNiYiaE.wav
627,d0vkEBfsRXhfaOhihEv0pnFTokswZo.wav
628,TxP2qNMe2BFTT2ObveC3Q0wExE90fC.wav
629,UCk7Z4YR41ns56khww9WhktVvbUXwQ.wav
630,Z9zqwPxZaytPblkKon6E4pZgkhR0lZ.wav
631,I857BiqMsrOlPZXdIp4ihcnCZZHQvd.wav
632,Os1t5mpLGIYJ1jqv7wDwwWucw1RSxA.wav
633,3In2wP70STosDXh9B39Z14SdTmIPN1.wav
634,OQsTNDOLMyA4AlcnTiXJ0EtjKegcul.wav
635,xkNQmdls97Hh4zm3g6JqOQOu0em9Si.wav
636,sWm1UqhcctOtV4xjnihxgr7PTFxkz2.wav
637,BKvs17ryjDfC8U7TdsArUwGWrBSe60.wav
638,NEijD4JL1sIhBF32YAx5bpIFeajPdA.wav
639,Snyb9nIgk0dpUHJdAeGtU8tAjWqCzQ.wav
640,ZKR41O5DDPwN4n9sNf7aJxD8Qw2bT0.wav
641,ICge2BrDlztiwwgRi2FnYOPkkHHnVM.wav
642,rZ8xL2S4ccZljcli0Xz7yhhLORPiPt.wav
643,KgWz9v11Y2jXjHdQxB5HBsYCKF7RtA.wav
644,M6Dsx0hzfGxWJ7RzpFXyGXcsJO6fhN.wav
645,axByza0LFbDxBymPaSNiH6suz5RPK4.wav
646,ArW9TEDeXsgOaKtSTM1O3HDBDru2ET.wav
647,ieuz1MOXY0sG4hV8xLPhe8DGbOKUUv.wav
648,THWdDlDjGQP87opH9NgABgYaq7Lv54.wav
649,aeTbhwPILQwVdNqXe5W0duYjyMSuo9.wav
650,AsahAGZvxKTWwXM0vMTbEVIpDTm4Ym.wav
651,VSiWGzzuCPzUCTG6oPR7C10UXoMfGX.wav
652,umCtDk3eFuCNUUHDETc5AX6aFcmrzz.wav
653,K4jJOpJNO9bdvpImY1C8c2MidVvUy0.wav
654,FOhU3oUfGbjyCd6aNzmDhKPuU4DDAk.wav
655,4mj87g6euwJBS3nzQC47kSumUnbuhx.wav
656,rn66wQZnyIo1rcmzb5K4SsNCigxkZx.wav
657,8tMgPo92p6WPKCg5npuqaHc0QyiwVq.wav
658,7aAKElFQqaXHQW5jiTHdXtBM9hovHq.wav
659,HJx01pszave46mcso66FYn47SCavzm.wav
660,aLJqQnfScSZGXK5ScVIeUK1qVmUZGt.wav
661,AWn8Dkbn98ITF8zC8JnYxYplGxEcG1.wav
662,SYMmURVHxWVSlqfmxYYciYRxkf1R66.wav
663,CDKW1Dbwj8wGdiBEaGqiRNjPlXqbHl.wav
664,6R6JZbgEMXDyevNYFmQ6WYuKqxtbzx.wav
665,7z1GIvAPB6cNo3gjynpJybZKrozhZw.wav
666,qDEarnOxsayGsQJ5DHnPc5vkcXDSLY.wav
667,GC6y0iNXYP2SBLw29rdFrx7jshaUDy.wav
668,tYQo0aMs1LOfDA0v7uNI9ewBuylLOl.wav
669,Qgb7nBpOlQH3h0YZUV2XH6X6Iv19wz.wav
670,7STZJp0sgmkdeifrOZdKHqWZuYVZe9.wav
671,sokJVdnWsn1HACXqvT0irZc9dyW9LQ.wav
672,9ZktfwKJ5pOJILF037aRZ2G27LFEXs.wav
673,ft8lNTs06nzLmxoTqdOkEomvq8fcgC.wav
674,LWNedGmnrDpsyaxDEIfjZ0ksR5EKyf.wav
675,mCQUFlfcbBK2oY7csJQySB7McEXAT1.wav
676,nEhaRjaZnsSZJucuairuY4MlVNLT1p.wav
677,crSNIpfOEqh59csWNCfoHzetjwcDW9.wav
678,YdP0WeYMnPCJm34P0KexVRn5wRhZDG.wav
679,5zeG6TOc6q5OI1jjrYbVhXzIKjlXiX.wav
680,85uhTKhVfvC4ahdz0RXhnJV7VpfCV2.wav
681,7YiYwCMgUwY3fYj4o2dT5D1pnczG76.wav
682,6euKDSLeBUsHbJ4GG6bQHHLcMPQIOW.wav
683,0YQm9bY4BawGZX4qs6vX0XywVNY2vi.wav
684,CEwKqHHq9NIAA6vtKpDxiVBSm9Q6TY.wav
685,5ORpzD8lPsxuscXixXdqPHdDP2RRj3.wav
686,FQ1Gw4TbwAfrBQfQ9uWaUjges0fO6P.wav
687,QxOp0lUrxBmqBExrS0IIJAPiuKnxwD.wav
688,i1xJTVqNhOm3keoJJ2xxBT8A30WEMT.wav
689,8JyMvv07qvPYCQg4Tk77CaEhObyprr.wav
690,5o5hlhyZ5Ho0P9CackJmEYCx8aXwUR.wav
691,MdZqxBxPbUq8awXWqcjJ9zTDh8DVus.wav
692,xB07NuBsueaSYDZqh6MwJubvDJaTuu.wav
693,UItCZcT4oreqticpViOIonqNArnqep.wav
694,009mQWuNFfiXU5NlfSF8gM0YUbicz4.wav
695,qsZZHrUjcA219krNToHLienjjuhqtG.wav
696,nhNy92Qc5czcogQlTd5Y5hkp55XvJG.wav
697,zRNHrFf5CE3c6bYnKhLGLjXfxPkIcD.wav
698,xRHHruzPOP7lsUIIDerugzhaL8pPDz.wav
699,PcyiokPK5UP78ePZvP5gKtmoPWD5bH.wav
700,Eh8wtXEDFNQdUWBf2TY0Iekrzqcpve.wav
701,PNq1BsSBbwOGEm0ZTKXzfFHPYkux0S.wav
702,kIgWtcOM85Zdh16qV58AxFcztuEcp8.wav
703,rR6jvwEr9g8wQxj960kssVl2pIVGZS.wav
704,mmbFPUHJRmLoIvIjDftJWHoCVhOCjx.wav
705,HtzjUJuP2k4YPMPwwC3nkmAUcnK2L6.wav
706,bJLmXQXCpSJ6hGBfBZrhEzT4m2dTvK.wav
707,Lr8dSMSwo7ORnpWg3QXrAq3fHAUdll.wav
708,OnQ1vPz48GuisYbYPtDkBwKHANWI3a.wav
709,DfNw2gI6LA386JPCKj5bb3Mdin8bEW.wav
710,xxk81iC50H0fmwMgSxbB8ys3K65Atg.wav
711,vzxOPpuIxflCEBU6sLvu76R1uhwiOJ.wav
712,JnSSexkOmvcxvQN3boPePg6ixvBOhZ.wav
713,HxSLGoinXUIm03No0Y99T8RzC1SblK.wav
714,IJc2CR6qu9hPLC5M4d7MmoTwMSbRzB.wav
715,3vVTTl1IQhOuLRHHVdPUr2JuOdqdCE.wav
716,YfnzdaCzTdN0NNhkfbnr2wUT3jQoE8.wav
717,Cb6tCiPctEUp5bTHGMsfj2RQMM3dzc.wav
718,brA29j6oxK0xTK7NrgtL8v29hDap0V.wav
719,2hqM9UTtlSx7d2MpNQcQKWjT7wW8S6.wav
720,8Kr0px9cz4Jmnw4bgJhzSR6jMl6XPN.wav
721,cxoms1DzJSgco6EqoezEiqRNKZzor6.wav
722,a2K5GhdP0hEv2cTVFOZTW0QGZsmeaf.wav
723,Lc2nSLvyyzuht4v9Z3ptkM2jGPUMPf.wav
724,Q5vT9HebNaQCU0gPEiWOb2PpTuPBXf.wav
725,XAMZ3jO73hhFpazoFlKPQuVxsmPt93.wav
726,TgIX2NlqylXKAM4En2JheT9ndlKZI9.wav
727,lXCaENfV5D5TYAcPyYL722Cjj9MUnO.wav
728,gRprfvBYc5iBGOID8Ew6CdYXpwtR0E.wav
729,Ng4crXrSmd3pt7JUrAe0K22cpJBGz6.wav
730,HEMcOZ1MCHA178Ozgs1wLPNado7Nor.wav
731,jeKhkr7p35idrdCyNzGtrqKU9dQKkl.wav
732,pRPDCwSXvZMEZsT5ZyC3QtFGk5AELV.wav
733,ndMoIDVW9vHOiyY3oun8hCE1HeYDdG.wav
734,2yXvOWC4KBwrnPZ4jR2CHAywh05sh6.wav
735,CWyidhUX3sQ778lVTTAwue5HTGKnhq.wav
736,LLHvHtdmcNSOGMt7At1sjiOhzlhJLi.wav
737,nA2y1XC5muK1rgkoxA6guzSyYLU8Cb.wav
738,liBA4YwbqlnStDWzsp6vMtq4E07jdd.wav
739,rGRtchvaOTGWYCHcQJeh8c3n9R7TtG.wav
740,4H2bNmohconLnfbKHCYRvTqUjUqJUG.wav
741,39NAh3yAdtJTU3gxRxzwoqbyucJ3ur.wav
742,vKPuUwNrNVGRHZEaXQJo2vX5AzcRhJ.wav
743,wmjCdVuhLbW09uKDEjej30O2YJc1BD.wav
744,XYqmYbf8NxacWYuD94Tp2eHw4esKUu.wav
745,9PgNWGRMxogS1EERFFbnB5KLLB7xXy.wav
746,rfCwgtmRlRrt8RoqUvZjJTUgrIhrvx.wav
747,TvUV7rxf6cO9QIO2iMH9dYDBx3XXKg.wav
748,Ce8bvQnQECPb6dchMypgHXQ81yOxlJ.wav
749,FEsNLMomop6PqQ0kjW1Fdif3pYWct0.wav
750,ZdX86schy4vzmB8RyLAcQb77tu0VRg.wav
751,wF46d0lKQC32d7elzGFYsq0eY74AKe.wav
752,MX4riRzi3QSfvhEOB3PHoWobyvtj4d.wav
753,Wv4UPCLdaeJNiUJSmP9nFlBNzgo8rM.wav
754,uv4YnBynECJzcC82dbooDmpnioM5Oa.wav
755,Ehi5KbWbPlFgn0wYchmJgGCHQKSGGC.wav
756,Vpd924ZKJ2zLOuIov2nZVLJKrXac4V.wav
757,hwO3g2ZnLYTitxAdAR3L4bstKgtsTL.wav
758,cGdE2hGa7R1xlof475SaQ5zUpw5rqa.wav
759,1b6H7aQoPMF6VnShvT51jq5MMvF3Zh.wav
760,Ts54LiMkGapWhg2gRuOcgFmVHFRgIG.wav
761,Cf8W31hUDoUIrYm4kAEVTSeuMMwEmG.wav
762,qqZRAsjlncdI4Y0p6z0gr8WPCfgvFx.wav
763,ig9f45qFU09ygETRdroHh8Myr1juR9.wav
764,v4Ql8uy7hzulzW9QiFffHX5tIXEP5O.wav
765,10s3JkAAdCsHOvXtyT1dOPDIZfCDfR.wav
766,BXj5TEuo3thcJZqlwqFTLJjIGHkiBr.wav
767,sLAxv3Ectq1fV7re5A2aAnpXRhIXD3.wav
768,6Zl8buH6o39M03sjxoU4UfDLnZ10k2.wav
769,aUJuIjw5L5wQEUDHl4s0cA7IwHpPwY.wav
770,hkpEcmpNpz9sFJWX4kJZ5izyOix2Eg.wav
771,nlaNdOEYQfyyc9ZRcRqVWKodbdCDMV.wav
772,KyAOWrHVTgq1Fmb4EsX5QwAvhKChS8.wav
773,BgHAPOAps2kwMF0x1opkt74pMHdKUk.wav
774,6mtS3shlAGIS57DQ7aR7U4YlsGfEdW.wav
775,nsX2uOJGB43XSpelidrgAkTO3pTBaq.wav
776,wp0zDbPybe5bNwFAtj4YzSPfVq3F3w.wav
777,F9A5z4C5sSbuxySoz7GZnoHhKlcewb.wav
778,qgR9bbvGjEL2QfEI22LuPquLdeYb4v.wav
779,lqpc0bQKCIceqWdYv59ltyNOS2Gu9A.wav
780,PPYn9mtrBc7sFzJpGfuv0ui7AftBJY.wav
781,JjikOXpM1qSVU1dtEY6ipOJiDopixM.wav
782,ka24PycPKH8fMDXZTLdO5a8f4XGnpm.wav
783,EJdgd3mnsrcnki1erovo1LPHfy8diD.wav
784,dTuWBm22JpXNdzazutVI7Nrj5mnISV.wav
785,PX5GUwmjJUfOp3L2nK62kjtFuRtD8w.wav
786,XRtjGtkeZ6PpB78xmM5N8OHSFy8UoZ.wav
787,p1dH98J4h9UkDo9y9yvJzX3EcE5AoC.wav
788,63Fs4ln3crDEBOpTCDsUpn2a3m0xpj.wav
789,xwneGTHLrtwnjG6XeD258mQD7FoMkY.wav
790,XjzDSiun5is8fzDcG5sGtfJNBL0mQT.wav
791,M8K6QtXoo54btQYDxXYTV5STs6Cttd.wav
792,PAfe8ZCyYhXZqaA9tz2HVQaRM1g5Pe.wav
793,wMXF2HwmlXUZ19euRbME340W8sq6Hb.wav
794,XciZMAHkyBj4DeYb2EgozZ3VtcEdtt.wav
795,byCll76sW5Tz4hpsuM4C1gryDWNgtw.wav
796,26MoZREQgUKDVDOlOHAPMLyFDMEW3d.wav
797,SqRUFgqXMNAts45MfzEAa6Q0Y7JyuS.wav
798,2DToa09YadMwu6FUXcWaSRbOPZEjz7.wav
799,Q7c9ysiAnaFyb74bVu8rI0Qe3u1gIB.wav
800,p2GCu76coodhow3ixSuy0DE2wsyii8.wav
801,BYrZzhsEVVg56kbBL58FZqAeCVIc0e.wav
802,tIC7oVsNl8IWyTWS25qfS1yG0OGckU.wav
803,YgmijbOXgjNz8Nc8y1Eav8w8RejxF0.wav
804,R4kqGJfxm7PpG6lFGs9U7wpQWoykJw.wav
805,HxTUY3QYTYsieRSOdX9g2OWjHXyXen.wav
806,txFXANJUzxAXUgf0jYAW2VO1mGeDKG.wav
807,cfbR4gvPJBGWT8jAx0KhVZirM4Pt8r.wav
808,nKpAb9V0c01QCEiqIgTztUEqvOC68L.wav
809,n6U3QVpuHlSWIeUCirAp2AXi3tZJwY.wav
810,maIn2GvcpMFFYlImE9Tt33HAPsib7U.wav
811,pro2Y9MpRbFHCTkt4HLEtnOsZsa65p.wav
812,JCXmAkr9N2vnXOh78vvbX2vCvuHLSO.wav
813,imPQZRAu8bO1GyFwZKJZTKs8Z9TorF.wav
814,9M7sFx4kehJE3vqgUKy5p6Z7wmFR8c.wav
815,WhqfoCjOIce0uTZyfX0pgEwxsZ7aYB.wav
816,aLYtB8MwJ9N7EtMZuvdE6ADiTnUwYi.wav
817,8Ady18lQu21EDPmSfdzpq7uCTisUvc.wav
818,daTETZQOQcFcaXXIThbsO3ZQwbXKEO.wav
819,UuMI7oW8hZrVnPZ50RsTtGBFHEwBgX.wav
820,Y14OZpYgS1duc3BM7sZyQn78jkIkhZ.wav
821,2YLPEiSDFZHLhM57xDF5MkbR7lB2X5.wav
822,C1NqMu8qpXCQy806yNPc8BU8jdLIsI.wav
823,hJjDRuvmHBTdGRQEg1M5zktmS3mNpz.wav
824,1lKsuG606dtBIa20HnsuDoogIQQUwe.wav
825,derKlGUArLWssdtV4frjvCtVOUkhyR.wav
826,sWWAYcSQ7S0ajDERlbVKfokvkmAsrN.wav
827,sb4hUtViqaBwiGL0vRANXeoCXrFYbM.wav
828,hMTh8qrrlSG1skUA0NjqkFvMRxv6Rs.wav
829,cJ7hQa1P2VhYeSBOndyEjuQIjtM5uQ.wav
830,WD3LNlIEuE4DuXvUKDLwuLyEvxiLiJ.wav
831,FoWQrg2iAA7B8Q2VauUXsrCnHo1NB3.wav
832,lpsrxx2CAGO2LUwPG6QyRG5sEe0tda.wav
833,8Fm09jHBNVRrpy0wsglzuJPo7SOaBJ.wav
834,Nj94GrRAaPznJCmTz94YYCGxXxZmHP.wav
835,W5dy2L7QcfRkjIEd6oxwMeemJ4Rkft.wav
836,kb8OexGwJrE4Te120A0DDzUj5OZrYF.wav
837,BU1zNGGBjHGLJxFHMh6Y5Q2WbfkJ3C.wav
838,Adtno60Ef1CzW7Y4NG1CkwL1wshtHg.wav
839,eX4XaYXE64lOvTuXYojwvNKlNOKF7I.wav
840,BlhBsgAhoHOJke1jemXLu5EASiNO6V.wav
841,ldBVqUNQjtE20icLhsJhCiYqfSdyJz.wav
842,Z3bN6jGUH48OSO0LdUaRouCAP1b9WF.wav
843,T7HFnbiIChfp4n9RxiVNd8LNwWYtSR.wav
844,PzaW5OJ6TU2ip0lcbffyUTTN9Rvbo9.wav
845,rut4uwSpif0UmS6l5lW5R41XqZmPQN.wav
846,q1z951J7JO9w1KUOAmA1UEqMyW26ML.wav
847,m5S41HGmKc1BIQ81MQ3N3Xr4kl1WhD.wav
848,Sjv4JcQqNK4sJDaAVD456s1NBrq8Nt.wav
849,3e07Hxj2zjtTN9PeDumPxdF2UVCZrs.wav
850,U9PRpERkwo3hLaO1WNqNwNm2ky2EkI.wav
851,AZvKKZlew3jeM521qTzqVlhwFSSbCm.wav
852,yxfaHrTwktqJIPSBHLWlXXVokGRKD6.wav
853,TbaPki8Ev8CgYK9ZF9eZLzyGqyoLq7.wav
854,S9Zvhpgcde1tTWM5zxrahZEBpBOLp9.wav
855,244F0qowTub6LEybJu1x4iGtzvtqeX.wav
856,VkA0FJWjpxCqM1dTFyYfSnvv3zZV93.wav
857,W73gFHKgXoezkHGn4CUFwtePey27b0.wav
858,nO3yOnaC9TnsbM7oXLWTWn2nQnoHSi.wav
859,VVqwuaVbfuRVXcNjA2OWXrGs8TBOWJ.wav
860,7cS3logt5V7ZJmGh8RbxwAsRHLmdtz.wav
861,c2EBSqPcCvFyvnP7Vm8TgCHD1F8idE.wav
862,rCkLNdYEK7OhBOFFlQnNLe79KfyY4w.wav
863,dJ4dlAA1awIjkyjSRV7NY99mUx240J.wav
864,Hdpeg3Acp9BngUxrPfbsAmbGwOiNtk.wav
865,4FWtMcWEv4AGT9SGOEJ0bCUb2MmM2l.wav
866,D2Yq6yCzBFsIN6Y4l8syAxA3NkZ9oo.wav
867,VgLv1gKd5CoFEi6GRxHtZZgjBrrgDL.wav
868,ATKuZU5be3iZp0OVwV8tyqE1QLJMlx.wav
869,GdecMpQT28zkdtUkSEqgcyIqtWhree.wav
870,8GaCWdMbgzav1OlNhxkdRirjdQGwHK.wav
871,9IKR19nowYCJkcR9cXkKZRQjxOoNM8.wav
872,WbiyM7rs9UBYxrChj7FqGPy1iyf9pm.wav
873,yD08Io0hx7QDw7EgoV0zaI8qdzI8FG.wav
874,Sb42ziPRw36yRCtidgSGENgx7oiNYT.wav
875,qBOFRjw9RuCanBaJgGFqLjoGZTLODJ.wav
876,UBoNHBJXhQCV9bvoWrFvfcH0iyt5XO.wav
877,n5x5HgBp52GXjnDEYFWrETUg2CEdb5.wav
878,Do0p1kgbkAalagvQgU8KhkAIawNfdO.wav
879,3SR490qbY9JR07Tr3RFfRgyWYB853u.wav
880,rGiFzbsEr8vsHjd8fthDWMyqFxyKrW.wav
881,eCZjK2oYcjXwuIUSbuZXEvsOlmovWx.wav
882,ikU92OCvDI37FYQ0n7NxVpNbYIrdye.wav
883,PosD7ZHY6lVMByTSMGxwRxTSIsKego.wav
884,D7rY2DCdiw9mHGRmBVfpGSgrnFigML.wav
885,NQes73QzsJRWf7TWK4US4Q7f6ePQCZ.wav
886,bninFUZf3IxU8ZI5W384c3MP7ols99.wav
887,tY8Mfmg8UJwrBDLLxAtZ47dY4ndby9.wav
888,ixkBR24PswAkPKaOCnsoPaumXTfI9X.wav
889,R5nCCjY0mmko12Fw8W5cD5bQztjxpq.wav
890,9wx2tpFQJEHoj1GADKbkbKjF0xncY9.wav
891,ml9CcGpWedK16RyZCUFqO3IbD0PNBe.wav
892,BvrxLIUMGNhxUSG4LAGd7ws6oxVLMe.wav
893,XuzvjJGmWDxaMmmjgrCWxAoa4brBJJ.wav
894,IlocOQ99aOACeYQFyQdwSOfvXNoGGz.wav
895,KC0H0oUokElBOe02yNSIY4rDSrrd5K.wav
896,2AjABSElmlKvIyRNeM4qKPFzNyhq5p.wav
897,QUuKGTy9o08Ch6oA5p9tmyGHDTS6Co.wav
898,JuQULrQ0ut2gCFKAxcOaxLPQylvNs2.wav
899,bge6ERnvux1U3LzA1UESG5KkWIhwoP.wav
900,qFImUTSM9oRdDvnhpciQGuVRbnIhH5.wav
901,bh9q69Hv8leV7zQVk0dnatzPvGezgG.wav
902,Mcj2J5bP0TuUQgTVMamCTqkt7WnLOx.wav
903,jEhnJXN1Wac9JEKUnj8zhXkp13EdDP.wav
904,HftWCcy1KSzg9YRt2VSSeWP4lCUrQz.wav
905,5RCcZ7t5yko6iiUTkUfEHW1gJ9tMMe.wav
906,HBGJhtJpO5Z1h0vnYf50B77XLeRvnN.wav
907,1XGlpxOxwGZBVQ7NhzxxXBTNDLObh5.wav
908,E5N53d4CgCpZUIzRQi3BmYtAw45kzS.wav
909,dp5Dux7z0PwpP6rY5YCeel7GrMyL1H.wav
910,HDPM3FMwKmpeMkUAXk88bp4sGBk1L5.wav
911,vXi1rNq2PiMqd5c4JMTfZKvfjxZizf.wav
912,k7g3SELB5nQpPAT8SGM1aPqs8FuEDq.wav
913,zH7afS5sr51H6E63WeI6lrPeEHQGiI.wav
914,QnlE2eQYGArfxZnWggWJRv9qqblRrY.wav
915,76KdkmCZt3p4XoCpi4Xgp2eTdF6QH1.wav
916,uxuzLPf3Ljb7JRezLhB0lSHTWcBn97.wav
917,z4oUqOI6IxVaW9U9Ms67tta6apcLjB.wav
918,lTx00DX0lfFmQZtz7aIS5BdEJh0qi9.wav
919,7eACf8XBFZKtPAVwmIVzSrWTDFuQ5h.wav
920,vRxBz2e6mPovbre9USfqyIcgXCQEjq.wav
921,ud5kI3t7Rj9VJZ9hJs9b2rZ615q1Lf.wav
922,iF1rCyVCSov9AOMkEWQWcK5anpWqNX.wav
923,ThySfboevszylL7N6zDsJV4nGuqnSa.wav
924,7bJK6t9bkFRnkiX8FrrO6ayVKJnVPT.wav
925,S0emE8936tOPeMZx01T3Mx0WoPPR8Q.wav
926,0RGqGiYx2Eiyfd2cADknao99lZhxmg.wav
927,FxebLAHjb6RogmpNq6y5tKcTj2AFiv.wav
928,nRHAQnJW8ABXYOqiMtNp303MDigSTV.wav
929,1Rr2635mr2UTlOEJdgSHDdkmXLvo6Y.wav
930,8QO9ZqIUnyDG5sN987MxlRRJCdjtqF.wav
931,vHCjpDakoPajcHgOBTMqTSESzMW8Bk.wav
932,Zp2KUtXrEWSeQdllWqdKTU8A22ZAio.wav
933,3tu9CP6LOuIdyRyZHpcdUQuXE1dqjT.wav
934,pXq1BjuKuJHRwMe43zCdieSbwhstvD.wav
935,UBWiX1yqEIxRNrpt2lcUsEmcuWYHRL.wav
936,0KExbVJbF2zSXKrzJnOqhXjjKmOKeq.wav
937,or8XbSyksemBNM2TXDdHYSiOG2qKX0.wav
938,e3KC2PW7R4SBpVnMT43YW4Id2pbAC0.wav
939,66FnHlnHpIikJaYJUskLtIjJEXOSWS.wav
940,AG3c3N2Hjtwvv5oh0zZRAbRzr7g66k.wav
941,dEKhSIs7gt7HJXrAd5pXxCpK9JAS2n.wav
942,jcBD89VkqjPDPbGDLU6M7YuxSsIpRM.wav
943,xfiuki0uPF84kQ0nIYy1quIOLEPKYn.wav
944,rAqLR9SX8hQX57fg40vTyeWm5XvFry.wav
945,BtXMBoJ6a74VLpvnga6vpHbM6YVSK7.wav
946,9KGAgcrgEtTtmyv5AGAMolrLjS3GQx.wav
947,bJXVK7QRTLtOaZRApVfijQADVZtPu3.wav
948,UAWESg8GWdltSg9FEpdURFVsanK7B8.wav
949,4EZ7n0KLSv0KbyehVqsnXjmzbiVPF0.wav
950,zf5meJXxwQalgSIVc6ZxcmmcrAJCOp.wav
951,q3fgoMVnSRSpumIYDdw4WTfbrTHZRO.wav
952,jVwQ93v46ddp9nihQg5AxXCRXSlpqk.wav
953,CC5uyri7VD4as9XfoKDJM1IGAVwihz.wav
954,0e9TAQytBTFLAK5PU6rNNm8eJ6ulWs.wav
955,4UCDDePV1xaxCVv7n8uq6PcCwe9xcO.wav
956,PDDz4vQDPG2Is6OYQX9u48qQSWQfkK.wav
957,HYMDhf596laHkR1QGkm2Zh0Y4qzTaZ.wav
958,kPeZa0zjb6LPEKCkYJepFtpYfYFHeB.wav
959,9hCQAK4BfaSIfPr0EqBoam6ygzDdZn.wav
960,TUMF43Pnm0nMEFxAk5MsvfMvBkbpCr.wav
961,qlhpA3tZiWsrTBKT6QuWhxgI23cAuD.wav
962,9G3LkXusZXN9OHiqvOWvMMGS59Cyj8.wav
963,SujdJOxri51CAsak6INysqtNSob10Q.wav
964,ck4TbvLSwjoW8muVablMwtsHCeBtlT.wav
965,u2IWm3dte5aZw0ixVkwGHSd8QJxB1i.wav
966,VCNCkI5K1W45kchWLkIzlr3VlE4p9W.wav
967,Y3Vu9NDrWT6i70wN03aXIaiASXAdBp.wav
968,IfB1fpBljYbWQ33eO0mB1wn2FuxRs5.wav
969,NUlJ63tjQBJ9BOmBjncxkj653GXsEu.wav
970,SwMh85EjS9n0pgc0aN64TrZjXzYZ7W.wav
971,EV0RF7XKtE3tXtxBvAEjhUYJI8tym2.wav
972,6TOdvRmK4vQTjGSymgJGzYhmZMNLAe.wav
973,7h5jd21Iy30vEuHm0vZarjZh1nQnS5.wav
974,d0VXaKxetQexdTjKVk7fcr5FdHkbct.wav
975,vmsBZhHpCquZTy4FG7EUkWiYgZzFSz.wav
976,ipfmibg3uPdbTLhc4NN4gdGNuHe4pR.wav
977,wa36alaIb8H5C6UT9Bk6AVuoYyO7Wa.wav
978,WwugSCfa9xiKQ8NXLWjiTQiC6OEbaA.wav
979,fPGnQRSg4Y5sBEH7BY5CL9an3jRgxP.wav
980,lggt7FaWXz8q8lSa6rFCOvztJqVWZS.wav
981,fBcr2YVZy8WW4bi24XjSWbC6O9cTwl.wav
982,qB7mKnfzhLchhcY1Ch8OZrJCfQKauT.wav
983,KBGFx41o24ADXwvOT1UsVF2ZaBSc2E.wav
984,1S3yrxA5dopPQIjAGsIzlU6gGPSfBE.wav
985,c65YQAcEFtfp2a8wgfqC2yDT2eRvSg.wav
986,533ZW6Ru5Fxd5qRONhTtTYN1xwgOVp.wav
987,fzvEpxoWUBKpase4EEhwGkugF8uZC6.wav
988,AsbT8FRi6I0jLniqojDHT6BDtbdNyo.wav
989,YBo7It7vsRVCe9Bq7X4gASFORAcQOA.wav
990,3uqm1jZkf7zjMdeI6oVLmvL6eHi0QC.wav
991,hodsjlzmHO2nUoer2GNnfuLrKaaDBK.wav
992,xHT3fNJcpA29WFHPbsj7CRAGIwH1zH.wav
993,6xMAYjJ5dPROEmm8Q60l7KttrTNTDn.wav
994,OOBcd7cMmc1L9iQ7ZT8MJ1XD3JXDWC.wav
995,EYzJVpqVF2tlbVwE46CWeBjvXQYYzg.wav
996,6tJsnLNE42A3pgNS14zqRhEY8lasfK.wav
997,dU19v25TbanUgDTawBxumelijwXK0s.wav
998,aGn0mSmRHXkVtPxPTjdgPGGwmGB1Bi.wav
999,kyTHlOjZegl6eWcnhB4TEqacJUAAUJ.wav
1000,i83RFgr75RU4nyixhqVNBRqE7Hwvu7.wav
